_ID_;_MAIN_CATEGORY_;_NAME_;_MODEL_;_MANUFACTURER_;_PRICE_;_HTML_TITLE_;_HTML_H1_;_DESCRIPTION_;_IMAGE_;_SEO_KEYWORD_;_IMAGES_;
400;Цветы поштучно|Импортная роза;Роза Freedom;;;62;Импортная роза - Роза Freedom;;;data/1000.jpg;;;
401;Цветы поштучно|Импортная роза;Роза Mondial;;;62;Импортная роза - Роза Mondial;;;data/1001.jpg;;;
402;Цветы поштучно|Импортная роза;Роза Topaz;;;62;Импортная роза - Роза Topaz;;;data/1002.jpg;;;
403;Цветы поштучно|Импортная роза;Роза Sweetness;;;65;Импортная роза - Роза Sweetness;;;data/1003.jpg;;;
404;Цветы поштучно|Импортная роза;Роза Forever Young;;;62;Импортная роза - Роза Forever Young;;;data/1004.jpg;;;
405;Цветы поштучно|Импортная роза;Роза Dolce Vita;;;65;Импортная роза - Роза Dolce Vita;;;data/1005.jpg;;;
406;Цветы поштучно|Импортная роза;Роза Iguana;;;65;Импортная роза - Роза Iguana;;;data/1006.jpg;;;
407;Цветы поштучно|Импортная роза;Роза Polar Star;;;62;Импортная роза - Роза Polar Star;;;data/1007.jpg;;;
408;Цветы поштучно|Украинская роза;Роза Гран При;;;45;Украинская роза - Роза Гран При;;;data/1008.jpg;;data/1009.png;
409;Цветы поштучно|Украинская роза;Роза Аваланч;;;43;Украинская роза - Роза Аваланч;;;data/1010.jpg;;data/1011.png;
410;Цветы поштучно|Украинская роза;Роза Аква;;;43;Украинская роза - Роза Аква;;;data/1012.jpg;;data/1013.jpg;
411;Цветы поштучно|Украинская роза;Роза Вау;;;43;Украинская роза - Роза Вау;;;data/1014.jpg;;data/1015.png;
412;Цветы поштучно|Украинская роза;Роза Талея;;;43;Украинская роза - Роза Талея;;;data/1016.jpeg;;data/1017.png;
413;Цветы поштучно|Украинская роза;Роза Эль Торо;;;45;Украинская роза - Роза Эль Торо;;;data/1018.jpg;;data/1019.jpeg;
414;Цветы поштучно|Украинская роза;Роза Илиос;;;43;Украинская роза - Роза Илиос;;;data/1020.jpg;;data/1021.jpg;
415;Цветы поштучно|Украинская роза;Роза Пич Аваланч;;;43;Украинская роза - Роза Пич Аваланч;;;data/1022.jpg;;data/1023.png;
416;Цветы поштучно|Украинская роза;Разноцветные кустовые розы;;;53;Украинская роза - Разноцветные кустовые розы;;;data/1024.png;;data/1025.jpg;
417;Цветы поштучно|Экзотические цветы;Разноцветные альстромерии;;;44;Экзотические цветы - Разноцветные альстромерии;;;data/1026.jpg;;;
418;Цветы поштучно|Экзотические цветы;Разноцветная кустовая хризантема;;;52;Экзотические цветы - Разноцветная кустовая хризантема;;;data/1027.jpg;;;
419;Цветы поштучно|Экзотические цветы;Разноцветные тюльпаны;;;36;Экзотические цветы - Разноцветные тюльпаны;;;data/1028.jpg;;;
420;Цветы поштучно|Экзотические цветы;Разноцветные герберы;;;35;Экзотические цветы - Разноцветные герберы;;;data/1029.jpg;;;
421;Цветы поштучно|Экзотические цветы;Синие ирисы;;;35;Экзотические цветы - Синие ирисы;;;data/1030.jpg;;;
422;Цветы поштучно|Экзотические цветы;Разноцветная эустома;;;72;Экзотические цветы - Разноцветная эустома;;;data/1031.jpg;;;
423;Цветы поштучно|Экзотические цветы;Белые тюльпаны;;;36;Экзотические цветы - Белые тюльпаны;;;data/1032.jpg;;;
424;Цветы поштучно|Экзотические цветы;Красные тюльпаны;;;36;Экзотические цветы - Красные тюльпаны;;;data/1033.jpg;;;
425;Цветы поштучно|Экзотические цветы;Розовые тюльпаны;;;36;Экзотические цветы - Розовые тюльпаны;;;data/1034.jpg;;;
426;Цветы поштучно|Экзотические цветы;Желтые тюльпаны;;;36;Экзотические цветы - Желтые тюльпаны;;;data/1035.jpg;;;
427;Цветы поштучно|Экзотические цветы;Желтая кустовая хризантема;;;52;Экзотические цветы - Желтая кустовая хризантема;;;data/1036.jpg;;;
428;Цветы поштучно|Экзотические цветы;Белая кустовая хризантема;;;52;Экзотические цветы - Белая кустовая хризантема;;;data/1037.jpg;;;
429;Цветы поштучно|Экзотические цветы;Оранжевая гербера;;;35;Экзотические цветы - Оранжевая гербера;;;data/1038.jpg;;;
430;Цветы поштучно|Экзотические цветы;Белая гербера;;;35;Экзотические цветы - Белая гербера;;;data/1039.jpg;;;
431;Цветы поштучно|Экзотические цветы;Красная гербера;;;35;Экзотические цветы - Красная гербера;;;data/1040.jpg;;;
432;Цветы поштучно|Экзотические цветы;Розовая гербера;;;35;Экзотические цветы - Розовая гербера;;;data/1041.jpg;;;
433;Цветы поштучно|Экзотические цветы;Желтая гербера;;;35;Экзотические цветы - Желтая гербера;;;data/1042.jpg;;;
434;Цветы поштучно|Экзотические цветы;Белая лилия;;;128;Экзотические цветы - Белая лилия;;;data/1043.jpg;;;
435;Цветы поштучно|Экзотические цветы;Розовая лилия;;;128;Экзотические цветы - Розовая лилия;;;data/1044.jpg;;;
436;Цветы поштучно|Экзотические цветы;Красные гвоздики;;;28;Экзотические цветы - Красные гвоздики;;;data/1045.jpg;;;
437;Цветы поштучно|Экзотические цветы;Белые гвоздики;;;28;Экзотические цветы - Белые гвоздики;;;data/1046.jpg;;;
438;Цветы поштучно|Экзотические цветы;Розовые гвоздики;;;28;Экзотические цветы - Розовые гвоздики;;;data/1047.jpg;;;
439;Подарки|Конфеты;Raffaello T-15;;;128;Конфеты - Raffaello T-15;;;data/1048.jpg;;;
440;Подарки|Конфеты;Raffaello T-24;;;237;Конфеты - Raffaello T-24;;;data/1049.jpg;;;
441;Подарки|Конфеты;Raffaello T-30;;;476;Конфеты - Raffaello T-30;;;data/1050.jpg;;;
442;Подарки|Конфеты;Ferrero Rocher T-16;;;254;Конфеты - Ferrero Rocher T-16;;;data/1051.jpg;;;
443;Подарки|Конфеты;Ferrero Rocher T-24;;;572;Конфеты - Ferrero Rocher T-24;;;data/1052.jpg;;;
444;Подарки|Конфеты;Ferrero Collection T-15;;;353;Конфеты - Ferrero Collection T-15;;;data/1053.jpg;;;
445;Подарки|Конфеты;Ferrero Prestige T-23;;;571;Конфеты - Ferrero Prestige T-23;;;data/1054.jpg;;;
446;Подарки|Конфеты;Ассорти мол. шоколад 203г;;;128;Конфеты - Ассорти мол. шоколад 203г;;;data/1055.jpg;;;
447;Подарки|Конфеты;Ассорти чёрн. шоколад 215г;;;128;Конфеты - Ассорти чёрн. шоколад 215г;;;data/1056.jpg;;;
448;Подарки|Конфеты;Domior виски 420г;;;125;Конфеты - Domior виски 420г;;;data/1057.jpg;;;
449;Подарки|Конфеты;Domior ром 420г;;;135;Конфеты - Domior ром 420г;;;data/1058.jpg;;;
450;Подарки|Конфеты;Вишня в шоколаде 157г;;;130;Конфеты - Вишня в шоколаде 157г;;;data/1059.jpg;;;
451;Подарки|Конфеты;Корона de Luxe мол.ш. 432г;;;228;Конфеты - Корона de Luxe мол.ш. 432г;;;data/1060.jpg;;;
452;Подарки|Конфеты;Корона de Luxe черн.ш. 432г;;;228;Конфеты - Корона de Luxe черн.ш. 432г;;;data/1061.jpg;;;
453;Подарки|Конфеты;Шедевр (миндаль) 300г;;;241;Конфеты - Шедевр (миндаль) 300г;;;data/1062.jpg;;;
454;Подарки|Конфеты;Шедевр (орех) 300г;;;241;Конфеты - Шедевр (орех) 300г;;;data/1063.jpg;;;
455;Подарки|Торты;Киевский торт 0,5 кг;;;270;Торты - Киевский торт 0,5 кг;;;data/1064.jpg;;;
456;Подарки|Торты;Бисквитно-кремовый торт 1 кг;;;288;Торты - Бисквитно-кремовый торт 1 кг;;;data/1065.jpg;;;
457;Подарки|Торты;Фруктовый торт 1 кг;;;292;Торты - Фруктовый торт 1 кг;;;data/1066.jpg;;;
458;Подарки|Торты;Грильяжный торт 1 кг;;;354;Торты - Грильяжный торт 1 кг;;;data/1067.jpg;;;
459;Подарки|Торты;Шоколадный торт 1 кг;;;292;Торты - Шоколадный торт 1 кг;;;data/1068.jpg;;;
460;Подарки|Торты;Торт Капучино 1 кг;;;296;Торты - Торт Капучино 1 кг;;;data/1069.jpg;;;
461;Подарки|Торты;Торт Наполеон 1 кг;;;168;Торты - Торт Наполеон 1 кг;;;data/1070.jpg;;;
462;Подарки|Шары с гелием;Гелиевый шарик;;;39;Шары с гелием - Гелиевый шарик;;;data/1071.jpg;;;
463;Подарки|Шары с гелием;Шарик сердце;;;39;Шары с гелием - Шарик сердце;;;data/1072.jpg;;;
464;Подарки|Мягкие игрушки;Мишка 30-40 см;;;408;Мягкие игрушки - Мишка 30-40 см;;;data/1073.jpg;;;
465;Подарки|Мягкие игрушки;Мишка 50-60 см;;;664;Мягкие игрушки - Мишка 50-60 см;;;data/1074.jpg;;;
466;Подарки|Мягкие игрушки;Мишка 80-100 см;;;977;Мягкие игрушки - Мишка 80-100 см;;;data/1075.jpg;;;
467;Подарки|Мягкие игрушки;Мишка 140-160 см;;;1682;Мягкие игрушки - Мишка 140-160 см;;;data/1076.png;;;
468;Подарки|Мягкие игрушки;Мишка 180-200 см;;;2453;Мягкие игрушки - Мишка 180-200 см;;;data/1077.jpg;;;
469;Подарки|Корзины фруктов;Здоровье;;;981;Корзины фруктов - Здоровье;;;data/1078.jpg;;;
470;Подарки|Корзины фруктов;Витамин;;;1198;Корзины фруктов - Витамин;;;data/1079.jpg;;;
471;Подарки|Корзины фруктов;Свежесть;;;1162;Корзины фруктов - Свежесть;;;data/1080.jpg;;;
472;Подарки|Корзины фруктов;Мадагаскар;;;1162;Корзины фруктов - Мадагаскар;;;data/1081.jpg;;;
473;Подарки|Корзины фруктов;Вкуснота;;;707;Корзины фруктов - Вкуснота;;;data/1082.jpg;;;
474;Подарки|Корзины фруктов;Дары земли;;;573;Корзины фруктов - Дары земли;;;data/1083.jpg;;;
475;Корзины|Корзины из роз;Солнечное сияние;;;4673;Корзины из роз - Солнечное сияние;;;data/1084.jpg;;;
476;Корзины|Корзины из роз;Розовый рай;;;2375;Корзины из роз - Розовый рай;;;data/1085.jpg;;;
477;Корзины|Корзины из роз;Кровь с молоком;;;2423;Корзины из роз - Кровь с молоком;;;data/1086.jpg;;;
478;Корзины|Корзины из роз;Ассорти из роз;;;4473;Корзины из роз - Ассорти из роз;;;data/1087.jpg;;data/1088.jpg;
479;Корзины|Корзины из роз;Королева цветов;;;4675;Корзины из роз - Королева цветов;;;data/1089.jpg;;;
480;Корзины|Корзины из роз;Розовые девы;;;2400;Корзины из роз - Розовые девы;;;data/1090.jpg;;;
481;Корзины|Корзины из роз;Вам и не снилось;;;13675;Корзины из роз - Вам и не снилось;;;data/1091.jpg;;;
482;Корзины|Корзины из роз;Иньянь;;;15926;Корзины из роз - Иньянь;;;data/1092.jpg;;data/1093.jpg;
483;Корзины|Корзины из роз;Гармония;;;994;Корзины из роз - Гармония;;;data/1094.jpg;;data/1095.jpg,data/1096.jpg;
484;Корзины|Корзины из роз;Белоснежка;;;3455;Корзины из роз - Белоснежка;;;data/1097.jpg;;data/1098.jpg;
485;Корзины|Корзины из роз;Лунный свет;;;13073;Корзины из роз - Лунный свет;;;data/1099.jpg;;data/1100.jpg;
486;Корзины|Корзины из роз;Алые капельки;;;1790;Корзины из роз - Алые капельки;;;data/1101.jpg;;data/1102.jpg;
487;Корзины|Корзины из роз;Мечта принцессы;;;13275;Корзины из роз - Мечта принцессы;;;data/1103.jpg;;data/1104.jpg;
488;Корзины|Корзины из роз;Снежная королева;;;4573;Корзины из роз - Снежная королева;;;data/1105.jpg;;;
489;Корзины|Корзины из роз;Маленькая неожиданность;;;755;Корзины из роз - Маленькая неожиданность;;;data/1106.jpg;;;
490;Корзины|Корзины из роз;Поцелуй Амура;;;2475;Корзины из роз - Поцелуй Амура;;;data/1107.jpg;;;
491;Корзины|Корзины из роз;Слезы Деметры;;;4524;Корзины из роз - Слезы Деметры;;;data/1108.jpg;;;
492;Корзины|Корзины из роз;Белый танец;;;1830;Корзины из роз - Белый танец;;;data/1109.jpg;;;
493;Корзины|Корзины из роз;Нежность Афродиты;;;4691;Корзины из роз - Нежность Афродиты;;;data/1110.jpg;;;
494;Корзины|Корзины из роз;Влюблен в тебя;;;3435;Корзины из роз - Влюблен в тебя;;;data/1111.jpg;;;
495;Корзины|Корзины из роз;Приятная неожиданность;;;1030;Корзины из роз - Приятная неожиданность;;;data/1112.jpg;;;
496;Корзины|Корзины из роз;Звёздное небо;;;16083;Корзины из роз - Звёздное небо;;;data/1113.jpg;;data/1114.jpg,data/1115.jpg;
497;Корзины|Корзины из роз;Океан любви;;;13473;Корзины из роз - Океан любви;;;data/1116.jpg;;data/1117.jpg,data/1118.jpg;
498;Корзины|Корзины микс;Фонтан нежности;;;1383;Корзины микс - Фонтан нежности;;;data/1119.jpg;;data/1120.jpg,data/1121.jpg;
499;Корзины|Корзины микс;Пробуждение весны;;;2288;Корзины микс - Пробуждение весны;;;data/1122.jpg;;;
500;Корзины|Корзины микс;Солнечный луг;;;336;Корзины микс - Солнечный луг;;;data/1123.jpg;;;
501;Корзины|Корзины микс;Белый плен;;;337;Корзины микс - Белый плен;;;data/1124.jpg;;data/1125.jpg;
502;Корзины|Корзины микс;Счастье любимой;;;858;Корзины микс - Счастье любимой;;;data/1126.jpg;;data/1127.jpg,data/1128.jpg;
503;Корзины|Корзины микс;Цветочный сон;;;608;Корзины микс - Цветочный сон;;;data/1129.jpg;;data/1130.jpg,data/1131.jpg,data/1132.jpg;
504;Корзины|Корзины микс;Капля нежности;;;698;Корзины микс - Капля нежности;;;data/1133.jpg;;data/1134.jpg,data/1135.jpg;
505;Корзины|Корзины микс;Возвращение Персефоны;;;1418;Корзины микс - Возвращение Персефоны;;;data/1136.jpg;;data/1137.jpg,data/1138.jpg;
506;Корзины|Корзины микс;Счастье Дюймовочки;;;0;Корзины микс - Счастье Дюймовочки;;;data/1139.jpg;;data/1140.jpg,data/1141.jpg;
507;Корзины|Корзины микс;Вечное сияние;;;756;Корзины микс - Вечное сияние;;;data/1142.jpg;;data/1143.jpg,data/1144.jpg;
508;Корзины|Корзины микс;О любви;;;681;Корзины микс - О любви;;;data/1145.jpg;;data/1146.jpg,data/1147.jpg;
509;Корзины|Корзины микс;Ромашковый рай;;;746;Корзины микс - Ромашковый рай;;;data/1148.jpg;;;
510;Корзины|Корзины микс;Лучи солнца;;;930;Корзины микс - Лучи солнца;;;data/1149.jpg;;;
511;Корзины|Корзины микс;Зефирное небо;;;1235;Корзины микс - Зефирное небо;;;data/1150.jpg;;;
512;Корзины|Корзины микс;Доброе утро;;;794;Корзины микс - Доброе утро;;;data/1151.jpg;;data/1152.jpg;
513;Корзины|Корзины микс;Тебе одной;;;605;Корзины микс - Тебе одной;;;data/1153.jpg;;;
514;Корзины|Корзины микс;Элегантность;;;1295;Корзины микс - Элегантность;;;data/1154.jpg;;;
515;Корзины|Корзины микс;Розы на снегу;;;1325;Корзины микс - Розы на снегу;;;data/1155.jpg;;;
516;Корзины|Корзины микс;Цветочная прелесть;;;698;Корзины микс - Цветочная прелесть;;;data/1156.jpg;;;
517;Корзины|Корзины микс;Полет лебедей;;;458;Корзины микс - Полет лебедей;;;data/1157.jpg;;;
518;Корзины|Корзины микс;Крылья ангела;;;1353;Корзины микс - Крылья ангела;;;data/1158.jpg;;;
519;Корзины|Корзины микс;Путешествие в захмарье;;;857;Корзины микс - Путешествие в захмарье;;;data/1159.jpg;;;
520;Корзины|Корзины микс;Летний вернисаж;;;1627;Корзины микс - Летний вернисаж;;;data/1160.jpg;;;
521;Корзины|Корзины микс;Облако желаний;;;718;Корзины микс - Облако желаний;;;data/1161.jpg;;;
522;Корзины|Корзины микс;Туфелька Золушки;;;981;Корзины микс - Туфелька Золушки;;;data/1162.jpg;;;
523;Корзины|Корзины микс;Цветочное рандеву;;;822;Корзины микс - Цветочное рандеву;;;data/1163.jpg;;;
524;Корзины|Корзины микс;Танец весны;;;875;Корзины микс - Танец весны;;;data/1164.jpg;;;
525;Композиции цветов;Мое сердце;;;1656;Композиции цветов - Мое сердце;;;data/1165.jpg;;data/1166.jpg,data/1167.jpg;
526;Композиции цветов;Тебе особенной;;;2575;Композиции цветов - Тебе особенной;;;data/1168.jpg;;;
527;Композиции цветов;Цветочное признание;;;11044;Композиции цветов - Цветочное признание;;;data/1169.jpg;;;
528;Композиции цветов;Лучший маме на свете;;;2480;Композиции цветов - Лучший маме на свете;;;data/1170.jpg;;;
529;Композиции цветов;Моя любовь;;;4343;Композиции цветов - Моя любовь;;;data/1171.jpg;;;
530;Композиции цветов;Коробка счастья;;;1265;Композиции цветов - Коробка счастья;;;data/1172.jpg;;;
531;Композиции цветов;Королевская грация;;;1225;Композиции цветов - Королевская грация;;;data/1173.jpg;;;
532;Композиции цветов;Розовый сад;;;1675;Композиции цветов - Розовый сад;;;data/1174.jpg;;;
533;Композиции цветов;Цветочное сердце;;;1949;Композиции цветов - Цветочное сердце;;;data/1175.jpg;;;
534;Композиции цветов;Поцелуй донжуана;;;1095;Композиции цветов - Поцелуй донжуана;;;data/1176.jpg;;data/1177.jpg,data/1178.jpg;
535;Композиции цветов;Сказочный букет;;;820;Композиции цветов - Сказочный букет;;;data/1179.jpg;;data/1180.jpg,data/1181.jpg;
536;Композиции цветов;Цветочный пейзаж;;;935;Композиции цветов - Цветочный пейзаж;;;data/1182.jpg;;data/1183.jpg,data/1184.jpg;
537;Композиции цветов;Сердце донжуана;;;4643;Композиции цветов - Сердце донжуана;;;data/1185.jpg;;data/1186.jpg,data/1187.jpg;
538;Композиции цветов;Сердечное поздравление;;;2245;Композиции цветов - Сердечное поздравление;;;data/1188.jpg;;;
539;Композиции цветов;Дамская прихоть;;;2660;Композиции цветов - Дамская прихоть;;;data/1189.jpg;;data/1190.jpg,data/1191.jpg,data/1192.jpg;
540;Композиции цветов;Ромашковая корзина;;;2850;Композиции цветов - Ромашковая корзина;;;data/1193.jpg;;data/1194.jpg,data/1195;
541;Композиции цветов;Сердечко принцессы;;;1840;Композиции цветов - Сердечко принцессы;;;data/1196.jpg;;;
542;Композиции цветов;Ангельская любовь;;;1410;Композиции цветов - Ангельская любовь;;;data/1197.jpg;;;
543;Композиции цветов;Букет чувств;;;1325;Композиции цветов - Букет чувств;;;data/1198.jpg;;;
544;Композиции цветов;Магия цветов;;;3160;Композиции цветов - Магия цветов;;;data/1199.jpg;;;
545;Композиции цветов;Красота Афродиты;;;11844;Композиции цветов - Красота Афродиты;;;data/1200.jpg;;;
546;Композиции цветов;Цветочное чудо;;;985;Композиции цветов - Цветочное чудо;;;data/1201.jpg;;data/1202.jpg,data/1203.jpg;
547;Композиции цветов;Сердце купидона;;;965;Композиции цветов - Сердце купидона;;;data/1204.jpg;;data/1205.jpg,data/1206.jpg;
548;Композиции цветов;Две половинки целого;;;1124;Композиции цветов - Две половинки целого;;;data/1207.jpg;;data/1208.jpg,data/1209.jpg;
549;Композиции цветов;Сердце в сердце;;;890;Композиции цветов - Сердце в сердце;;;data/1210.jpg;;data/1211.jpg,data/1212.jpg;
550;Букеты|Букеты из роз;Гармония;;;1135;Букеты из роз - Гармония;;;data/1213.jpg;;data/1214.jpg,data/1215.jpg;
551;Букеты|Букеты из роз;Знак внимания;;;444;Букеты из роз - Знак внимания;;;data/1216.jpg;;data/1217.jpg,data/1218.jpg;
552;Букеты|Букеты из роз;Сладкий поцелуй;;;555;Букеты из роз - Сладкий поцелуй;;;data/1219.jpg;;data/1220.jpg,data/1221.jpg;
553;Букеты|Букеты из роз;Все лучшее тебе;;;2295;Букеты из роз - Все лучшее тебе;;;data/1222.jpg;;data/1223.jpg,data/1224.jpg;
554;Букеты|Букеты из роз;Красное небо;;;835;Букеты из роз - Красное небо;;;data/1225.jpg;;data/1226.jpg,data/1227.jpg;
555;Букеты|Букеты из роз;Розовые розы;;;411;Букеты из роз - Розовые розы;;;data/1228.jpg;;data/1229.jpg,data/1230.jpg;
556;Букеты|Букеты из роз;Огонь желания;;;1110;Букеты из роз - Огонь желания;;;data/1231.jpg;;data/1232.jpg,data/1233.jpg;
557;Букеты|Букеты из роз;Цветочная любовь;;;934;Букеты из роз - Цветочная любовь;;;data/1234.jpg;;data/1235.jpg,data/1236.jpg;
558;Букеты|Букеты из роз;Букет Джульетты;;;695;Букеты из роз - Букет Джульетты;;;data/1237.jpg;;data/1238.jpg,data/1239.jpg;
559;Букеты|Букеты из роз;Твой навсегда;;;2025;Букеты из роз - Твой навсегда;;;data/1240.jpg;;data/1241.jpg,data/1242.jpg;
560;Букеты|Букеты из роз;Любимой женщине;;;4545;Букеты из роз - Любимой женщине;;;data/1243.jpg;;data/1244.jpg,data/1245.jpg;
561;Букеты|Букеты из роз;Романтика (1 метр);;;1350;Букеты из роз - Романтика (1 метр);;;data/1246.jpg;;;
562;Букеты|Букеты из роз;Кремовые розы;;;741;Букеты из роз - Кремовые розы;;;data/1247.jpg;;data/1248.jpg,data/1249.jpg;
563;Букеты|Букеты из роз;Мечта;;;1045;Букеты из роз - Мечта;;;data/1250.jpg;;data/1251.jpg,data/1252.jpg;
564;Букеты|Букеты из роз;С нежностью;;;623;Букеты из роз - С нежностью;;;data/1253.jpg;;data/1254.jpg,data/1255.jpg;
565;Букеты|Букеты из роз;Долина роз;;;955;Букеты из роз - Долина роз;;;data/1256.jpg;;data/1257.jpg,data/1258.jpg;
566;Букеты|Букеты из роз;Секрет любви;;;1317;Букеты из роз - Секрет любви;;;data/1259.jpg;;data/1260.jpg,data/1261.jpg;
567;Букеты|Букеты из роз;Ночь любви;;;2253;Букеты из роз - Ночь любви;;;data/1262.jpg;;data/1263.jpg,data/1264.jpg;
568;Букеты|Букеты из роз;Джульетта ;;;2254;Букеты из роз - Джульетта ;;;data/1265.jpg;;data/1266.jpg,data/1267.jpg;
569;Букеты|Букеты из роз;Любимые;;;1205;Букеты из роз - Любимые;;;data/1268.jpg;;data/1269.jpg,data/1270.jpg;
570;Букеты|Букеты из роз;Букет пожеланий;;;1075;Букеты из роз - Букет пожеланий;;;data/1271.jpg;;data/1272.jpg,data/1273.jpg;
571;Букеты|Букеты из роз;Восторг;;;4343;Букеты из роз - Восторг;;;data/1274.jpg;;data/1275.jpg,data/1276.jpg;
572;Букеты|Букеты из роз;Вместо слов;;;1257;Букеты из роз - Вместо слов;;;data/1277.jpg;;data/1278.jpg,data/1279.jpg;
573;Букеты|Букеты из роз;Цветы Герды;;;4353;Букеты из роз - Цветы Герды;;;data/1280.jpg;;data/1281.jpg,data/1282.jpg;
574;Букеты|Букеты из роз;Неповторимой Тебе;;;2025;Букеты из роз - Неповторимой Тебе;;;data/1283.jpg;;data/1284.jpg,data/1285.jpg;
575;Букеты|Букеты из роз;Золотой букет;;;4783;Букеты из роз - Золотой букет;;;data/1286.jpg;;data/1287.jpg,data/1288.jpg;
576;Букеты|Букеты из роз;Звездное сияние;;;1990;Букеты из роз - Звездное сияние;;;data/1289.jpg;;data/1290.jpg,data/1291.jpg;
577;Букеты|Букеты из роз;Любовь без границ;;;9045;Букеты из роз - Любовь без границ;;;data/1292.jpg;;data/1293.jpg,data/1294.jpg;
578;Букеты|Букеты из роз;Желтые лучи;;;4353;Букеты из роз - Желтые лучи;;;data/1295.jpg;;data/1296.jpg,data/1297.jpg;
579;Букеты|Букеты из роз;Загадай желание;;;4444;Букеты из роз - Загадай желание;;;data/1298.jpg;;data/1299.jpg,data/1300.jpg;
580;Букеты|Букеты из роз;Цветочный переплет;;;911;Букеты из роз - Цветочный переплет;;;data/1301.jpg;;data/1302.jpg,data/1303.jpg;
581;Букеты|Букеты из роз;Праздничное настроение;;;1022;Букеты из роз - Праздничное настроение;;;data/1304.jpg;;data/1305.jpg,data/1306.jpg;
582;Букеты|Букеты из роз;Розовый шелк;;;1085;Букеты из роз - Розовый шелк;;;data/1307.jpg;;data/1308.jpg,data/1309.jpg;
583;Букеты|Букеты из роз;Красные сердца;;;1145;Букеты из роз - Красные сердца;;;data/1310.jpg;;data/1311.jpg,data/1312.jpg;
584;Букеты|Букеты из роз;Желтые розы;;;2203;Букеты из роз - Желтые розы;;;data/1313.jpg;;data/1314.jpg,data/1315.jpg;
585;Букеты|Букеты из роз;С вишенкой;;;4834;Букеты из роз - С вишенкой;;;data/1316.jpg;;data/1317.jpg,data/1318.jpg;
586;Букеты|Букеты из роз;Райский сад;;;2077;Букеты из роз - Райский сад;;;data/1319.jpg;;data/1320.jpg,data/1321.jpg;
587;Букеты|Букеты из роз;Королевский букет (1 метр);;;4590;Букеты из роз - Королевский букет (1 метр);;;data/1322.jpg;;;
588;Букеты|Букеты из роз;Солнечное утро;;;4353;Букеты из роз - Солнечное утро;;;data/1323.jpg;;data/1324.jpg,data/1325.jpg;
589;Букеты|Букеты из роз;Ночной бриз;;;1515;Букеты из роз - Ночной бриз;;;data/1326.jpg;;data/1327.jpg;
590;Букеты|Букеты из роз;Стрелы Амура;;;1550;Букеты из роз - Стрелы Амура;;;data/1328.jpg;;data/1329.jpg,data/1330.jpg;
591;Букеты|Букеты из роз;Эсмеральда;;;4343;Букеты из роз - Эсмеральда;;;data/1331.jpg;;data/1332.jpg,data/1333.jpg;
592;Букеты|Букеты из роз;Божественный сад;;;1475;Букеты из роз - Божественный сад;;;data/1334.jpg;;data/1335.jpg,data/1336.jpg;
593;Букеты|Букеты из роз;Дыхание любви;;;2420;Букеты из роз - Дыхание любви;;;data/1337.jpg;;data/1338.jpg,data/1339.jpg;
594;Букеты|Букеты из роз;Рапунцель;;;1218;Букеты из роз - Рапунцель;;;data/1340.jpg;;data/1341.jpg,data/1342.jpg;
595;Букеты|Букеты из роз;Томный взгляд;;;1075;Букеты из роз - Томный взгляд;;;data/1343.jpg;;data/1344.jpg,data/1345.jpg;
596;Букеты|Букеты из роз;Краски любви (50см);;;3535;Букеты из роз - Краски любви (50см);;;data/1346.jpg;;data/1347.jpg,data/1348.jpg;
597;Букеты|Букеты из роз;Девичьи поцелуи;;;1507;Букеты из роз - Девичьи поцелуи;;;data/1349.jpg;;data/1350.jpg,data/1351.jpg;
598;Букеты|Букеты из роз;Оттенки чувств;;;1257;Букеты из роз - Оттенки чувств;;;data/1352.jpg;;data/1353.jpg,data/1354.jpg;
599;Букеты|Букеты из роз;Разрисованная вуаль;;;4353;Букеты из роз - Разрисованная вуаль;;;data/1355.jpg;;data/1356.jpg,data/1357.jpg;
600;Букеты|Букеты из роз;Улыбки богов;;;2203;Букеты из роз - Улыбки богов;;;data/1358.jpg;;data/1359.jpg,data/1360.jpg;
601;Букеты|Букеты из роз;Ангелы смеются;;;1085;Букеты из роз - Ангелы смеются;;;data/1361.jpg;;data/1362.jpg,data/1363.jpg;
602;Букеты|Букеты из роз;Сердцем к сердцу;;;555;Букеты из роз - Сердцем к сердцу;;;data/1364.jpg;;data/1365.jpg;
603;Букеты|Букеты из роз;Прелесть садов;;;4483;Букеты из роз - Прелесть садов;;;data/1366.jpg;;data/1367.jpg,data/1368.jpg;
604;Букеты|Букеты из роз;Солнечный букет;;;845;Букеты из роз - Солнечный букет;;;data/1369.jpg;;data/1370.jpg;
605;Букеты|Букеты из роз;Пять звезд;;;325;Букеты из роз - Пять звезд;;;data/1371.jpg;;data/1372.jpg,data/1373.jpg;
606;Букеты|Букеты из роз;Сияние;;;4353;Букеты из роз - Сияние;;;data/1374.jpg;;data/1375.jpg;
607;Букеты|Букеты из роз;Палитра роз;;;3975;Букеты из роз - Палитра роз;;;data/1376.jpg;;data/1377.jpg,data/1378.jpg,data/1379.jpg;
608;Букеты|Букеты из роз;11 Шагов к тебе;;;495;Букеты из роз - 11 Шагов к тебе;;;data/1380.jpg;;data/1381.jpg;
609;Букеты|Букеты из роз;Женская нежность;;;487;Букеты из роз - Женская нежность;;;data/1382.jpg;;data/1383.jpg,data/1384.jpg;
610;Букеты|Букеты из роз;Цветущее счастье;;;1125;Букеты из роз - Цветущее счастье;;;data/1385.jpg;;data/1386.jpg;
611;Букеты|Букеты из роз;Так скучаю по тебе…;;;927;Букеты из роз - Так скучаю по тебе…;;;data/1387.jpg;;data/1388.jpg,data/1389.jpg;
612;Букеты|Букеты из роз;Букет страсти;;;865;Букеты из роз - Букет страсти;;;data/1390.jpg;;;
613;Букеты|Букеты из роз;Лебединая любовь;;;553;Букеты из роз - Лебединая любовь;;;data/1391.jpg;;data/1392.jpg;
614;Букеты|Букеты из роз;Поцелуи нимф;;;934;Букеты из роз - Поцелуи нимф;;;data/1393.jpg;;data/1394.jpg,data/1395.jpg;
615;Букеты|Букеты из роз;Багровые волны;;;2295;Букеты из роз - Багровые волны;;;data/1396.jpg;;data/1397.jpg,data/1398.jpg;
616;Букеты|Букеты из роз;Язык любви;;;4545;Букеты из роз - Язык любви;;;data/1399.jpg;;data/1400.jpg,data/1401.jpg;
617;Букеты|Букеты из роз;Ювента;;;629;Букеты из роз - Ювента;;;data/1402.jpg;;data/1403.jpg,data/1404.jpg;
618;Букеты|Букеты из роз;Каприз фей;;;2203;Букеты из роз - Каприз фей;;;data/1405.jpg;;data/1406.jpg,data/1407.jpg;
619;Букеты|Букеты из роз;Изысканная классика;;;541;Букеты из роз - Изысканная классика;;;data/1408.jpg;;data/1409.jpg,data/1410.jpg;
620;Букеты|Букеты из роз;Герены узы;;;827;Букеты из роз - Герены узы;;;data/1411.jpg;;data/1412.jpg;
621;Букеты|Букеты из роз;Душевная гармония;;;1110;Букеты из роз - Душевная гармония;;;data/1413.jpg;;data/1414.jpg,data/1415.jpg;
622;Букеты|Букеты из роз;Чувственная любовь;;;685;Букеты из роз - Чувственная любовь;;;data/1416.jpg;;data/1417.jpg;
623;Букеты|Букеты из роз;Исцеление сердца;;;487;Букеты из роз - Исцеление сердца;;;data/1418.jpg;;data/1419.jpg,data/1420.jpg;
624;Букеты|Букеты из роз;Тайна чувств;;;670;Букеты из роз - Тайна чувств;;;data/1421.jpg;;data/1422.jpg,data/1423.jpg;
625;Букеты|Букеты из роз;Эфир;;;325;Букеты из роз - Эфир;;;data/1424.jpg;;;
626;Букеты|Букеты из роз;Персефона;;;2254;Букеты из роз - Персефона;;;data/1425.jpg;;data/1426.jpg;
627;Букеты|Букеты из роз;Искусство любви;;;1085;Букеты из роз - Искусство любви;;;data/1427.jpg;;data/1428.jpg,data/1429.jpg;
628;Букеты|Букеты из роз;Сердечный бонжур;;;1377;Букеты из роз - Сердечный бонжур;;;data/1430.jpg;;data/1431.jpg,data/1432.jpg;
629;Букеты|Букеты из роз;Восторг императрицы;;;4444;Букеты из роз - Восторг императрицы;;;data/1433.jpg;;data/1434.jpg;
630;Букеты|Букеты из роз;Воздушный поцелуй;;;655;Букеты из роз - Воздушный поцелуй;;;data/1435.jpg;;data/1436.jpg;
631;Букеты|Букеты из роз;Сюзанна;;;325;Букеты из роз - Сюзанна;;;data/1437.jpg;;;
632;Букеты|Букеты из роз;Маркиза ангелов;;;1085;Букеты из роз - Маркиза ангелов;;;data/1438.jpg;;data/1439.jpg;
633;Букеты|Букеты из роз;Анжелика;;;436;Букеты из роз - Анжелика;;;data/1440.jpg;;data/1441.jpg,data/1442.jpg;
634;Букеты|Букеты из роз;Неукротимая ;;;1251;Букеты из роз - Неукротимая ;;;data/1443.jpg;;data/1444.jpg;
635;Букеты|Букеты из роз;Безумно влюблен;;;569;Букеты из роз - Безумно влюблен;;;data/1445.jpg;;;
636;Букеты|Букеты из роз;Жизнь прекрасна;;;569;Букеты из роз - Жизнь прекрасна;;;data/1446.jpg;;;
637;Букеты|Букеты из роз;Белые паруса;;;817;Букеты из роз - Белые паруса;;;data/1447.jpg;;;
638;Букеты|Букеты из роз;Белая сказка;;;483;Букеты из роз - Белая сказка;;;data/1448.jpg;;;
639;Букеты|Букеты из роз;Дары феи;;;748;Букеты из роз - Дары феи;;;data/1449.jpg;;;
640;Букеты|Букеты из роз;Слепая страсть;;;655;Букеты из роз - Слепая страсть;;;data/1450.jpg;;;
641;Букеты|Букеты из роз;P.S. Я люблю тебя;;;1773;Букеты из роз - P.S. Я люблю тебя;;;data/1451.jpg;;;
642;Букеты|Букеты из роз;Цветочная поэзия;;;1808;Букеты из роз - Цветочная поэзия;;;data/1452.jpg;;;
643;Букеты|Букеты из роз;Как влюбить в себя жену;;;1135;Букеты из роз - Как влюбить в себя жену;;;data/1453.jpg;;;
644;Букеты|Букеты из роз;Лук Амура;;;903;Букеты из роз - Лук Амура;;;data/1454.jpg;;;
645;Букеты|Букеты из роз;В объятиях любимого;;;2203;Букеты из роз - В объятиях любимого;;;data/1455.jpg;;;
646;Букеты|Букеты из роз;Вместо трех слов;;;259;Букеты из роз - Вместо трех слов;;;data/1456.jpg;;;
647;Букеты|Букеты из роз;Мечты сбываются ;;;2203;Букеты из роз - Мечты сбываются ;;;data/1457.jpg;;;
648;Букеты|Букеты из роз;Страна роз;;;495;Букеты из роз - Страна роз;;;data/1458.jpg;;;
649;Букеты|Букеты из роз;Золушка;;;3172;Букеты из роз - Золушка;;;data/1459.jpg;;;
650;Букеты|Букеты из роз;Все ради любви;;;842;Букеты из роз - Все ради любви;;;data/1460.jpg;;;
651;Букеты|Букеты из роз;Красный ангел;;;225;Букеты из роз - Красный ангел;;;data/1461.jpg;;;
652;Букеты|Букеты из роз;Дорога в рай;;;473;Букеты из роз - Дорога в рай;;;data/1462.jpg;;;
653;Букеты|Букеты из роз;Вино из цветов;;;645;Букеты из роз - Вино из цветов;;;data/1463.jpg;;data/1464.jpg;
654;Букеты|Букеты из роз;Цветочный бал;;;1075;Букеты из роз - Цветочный бал;;;data/1465.jpg;;data/1466.jpg,data/1467.jpg;
655;Букеты|Букеты из роз;Амели;;;415;Букеты из роз - Амели;;;data/1468.jpg;;data/1469.jpg,data/1470.jpg,data/1471.jpg;
656;Букеты|Букеты из роз;Окутанные солнцем;;;1218;Букеты из роз - Окутанные солнцем;;;data/1472.jpg;;data/1473.jpg,data/1474.jpg,data/1475.jpg;
657;Букеты|Букеты из роз;Мадонна;;;963;Букеты из роз - Мадонна;;;data/1476.jpg;;;
658;Букеты|Букеты из роз;Второй шанс;;;1585;Букеты из роз - Второй шанс;;;data/1477.jpg;;data/1478.jpg,data/1479.jpg,data/1480.jpg;
659;Букеты|Букеты из роз;Розы счастья;;;319;Букеты из роз - Розы счастья;;;data/1481.jpg;;;
660;Букеты|Букеты из роз;Мисс Совершенство;;;483;Букеты из роз - Мисс Совершенство;;;data/1482.jpg;;data/1483.jpg,data/1484.jpg;
661;Букеты|Букеты из роз;Цветочный вальс;;;505;Букеты из роз - Цветочный вальс;;;data/1485.jpg;;data/1486.jpg,data/1487.jpg,data/1488.jpg;
662;Букеты|Букеты из роз;Идиллия;;;517;Букеты из роз - Идиллия;;;data/1489.jpg;;data/1490.jpg,data/1491.jpg;
663;Букеты|Букеты из роз;Свидание с мечтой;;;1085;Букеты из роз - Свидание с мечтой;;;data/1492.jpg;;data/1493.jpg,data/1494.jpg,data/1495.jpg;
664;Букеты|Букеты из роз;Жемчуг русалки;;;2203;Букеты из роз - Жемчуг русалки;;;data/1496.jpg;;data/1497.jpg;
665;Букеты|Букеты микс;Ключи от рая;;;685;Букеты микс - Ключи от рая;;;data/1498.jpg;;data/1499.jpg,data/1500.jpg;
666;Букеты|Букеты микс;Мелодия сердец;;;889;Букеты микс - Мелодия сердец;;;data/1501.jpg;;data/1502.jpg,data/1503.jpg;
667;Букеты|Букеты микс;Идеальная пара;;;1205;Букеты микс - Идеальная пара;;;data/1504.jpg;;;
668;Букеты|Букеты микс;Осенний вздох;;;1395;Букеты микс - Осенний вздох;;;data/1505.jpg;;;
669;Букеты|Букеты микс;Небесная нежность;;;832;Букеты микс - Небесная нежность;;;data/1506.jpg;;;
670;Букеты|Букеты микс;Мозаика счастья;;;1181;Букеты микс - Мозаика счастья;;;data/1507.jpg;;;
671;Букеты|Букеты микс;Дар небес;;;2217;Букеты микс - Дар небес;;;data/1508.jpg;;;
672;Букеты|Букеты микс;Оазис души;;;595;Букеты микс - Оазис души;;;data/1509.jpg;;;
673;Букеты|Букеты микс;Летний поцелуй;;;475;Букеты микс - Летний поцелуй;;;data/1510.jpg;;;
674;Букеты|Букеты микс;Неистовое желание;;;1594;Букеты микс - Неистовое желание;;;data/1511.jpg;;;
675;Букеты|Букеты микс;Счастливый день;;;936;Букеты микс - Счастливый день;;;data/1512.jpg;;;
676;Букеты|Букеты микс;Золотая арфа;;;916;Букеты микс - Золотая арфа;;;data/1513.jpg;;;
677;Букеты|Букеты микс;Женский шарм;;;926;Букеты микс - Женский шарм;;;data/1514.jpg;;;
678;Букеты|Букеты микс;В сетях любви;;;965;Букеты микс - В сетях любви;;;data/1515.jpg;;;
679;Букеты|Букеты микс;Солнечные зайчики;;;1124;Букеты микс - Солнечные зайчики;;;data/1516.jpg;;;
680;Букеты|Букеты микс;Румянец Афродиты;;;895;Букеты микс - Румянец Афродиты;;;data/1517.jpg;;;
681;Букеты|Букеты микс;Аврора;;;811;Букеты микс - Аврора;;;data/1518.jpg;;;
682;Букеты|Букеты микс;Сад фантазий;;;1918;Букеты микс - Сад фантазий;;;data/1519.jpg;;;
683;Букеты|Букеты микс;Лучи Эос;;;1072;Букеты микс - Лучи Эос;;;data/1520.jpg;;;
684;Букеты|Букеты микс;Порхание бабочек;;;836;Букеты микс - Порхание бабочек;;;data/1521.jpg;;;
685;Букеты|Букеты микс;Озеро любви;;;1674;Букеты микс - Озеро любви;;;data/1522.jpg;;;
686;Букеты|Букеты микс;Танцующая фея;;;1262;Букеты микс - Танцующая фея;;;data/1523.jpg;;;
687;Букеты|Букеты микс;Ромашковый вальс;;;796;Букеты микс - Ромашковый вальс;;;data/1524.jpg;;;
688;Букеты|Букеты микс;Алмазное море;;;2441;Букеты микс - Алмазное море;;;data/1525.jpg;;data/1526.jpg,data/1527.jpg,data/1528.jpg,data/1529.jpg;
689;Букеты|Букеты микс;Танго цветов;;;984;Букеты микс - Танго цветов;;;data/1530.jpg;;data/1531.jpg;
690;Букеты|Букеты микс;Амур;;;760;Букеты микс - Амур;;;data/1532.jpg;;data/1533.jpg,data/1534.jpg,data/1535.jpg,data/1536.jpg;
691;Букеты|Букеты микс;Цветочный реверанс;;;1406;Букеты микс - Цветочный реверанс;;;data/1537.jpg;;data/1538.jpg,data/1539.jpg,data/1540.jpg;
692;Букеты|Букеты микс;Небосвод;;;827;Букеты микс - Небосвод;;;data/1541.jpg;;data/1542.jpg;
693;Букеты|Букеты микс;Объятия любви;;;1190;Букеты микс - Объятия любви;;;data/1543.jpg;;data/1544.jpg,data/1545.jpg;
694;Букеты|Букеты микс;Звездный дождь;;;434;Букеты микс - Звездный дождь;;;data/1546.jpg;;data/1547.jpg,data/1548.jpg;
695;Букеты|Букеты микс;Маленькая мечта;;;443;Букеты микс - Маленькая мечта;;;data/1549.jpg;;data/1550.jpg,data/1551.jpg;
696;Букеты|Букеты микс;Полет мечты;;;584;Букеты микс - Полет мечты;;;data/1552.jpg;;data/1553.jpg,data/1554.jpg,data/1555.jpg;
697;Букеты|Букеты микс;Цветная симфония;;;686;Букеты микс - Цветная симфония;;;data/1556.jpg;;data/1557.jpg,data/1558.jpg;
698;Букеты|Букеты микс;Свадьба роз;;;494;Букеты микс - Свадьба роз;;;data/1559.jpg;;data/1560.jpg,data/1561.jpg,data/1562.jpg;
699;Букеты|Букеты микс;Восход солнца;;;309;Букеты микс - Восход солнца;;;data/1563.jpg;;data/1564.jpg,data/1565.jpg,data/1566.jpg;
700;Букеты|Букеты микс;Кудряшка Сью;;;690;Букеты микс - Кудряшка Сью;;;data/1567.jpg;;data/1568.jpg,data/1569.jpg,data/1570.jpg;
701;Букеты|Букеты микс;Звучание арфы;;;622;Букеты микс - Звучание арфы;;;data/1571.jpg;;data/1572.jpg,data/1573.jpg;
702;Букеты|Букеты микс;Чары муз;;;537;Букеты микс - Чары муз;;;data/1574.jpg;;data/1575.jpg,data/1576.jpg;
703;Букеты|Букеты микс;Подарок Юпитера;;;327;Букеты микс - Подарок Юпитера;;;data/1577.jpg;;data/1578.jpg,data/1579.jpg;
704;Букеты|Букеты микс;Венера;;;513;Букеты микс - Венера;;;data/1580.jpg;;data/1581.jpg,data/1582.jpg,data/1583.jpg;
705;Букеты|Букеты микс;Поцелуй королевы;;;298;Букеты микс - Поцелуй королевы;;;data/1584.jpg;;data/1585.jpg,data/1586.jpg;
706;Букеты|Букеты микс;Сон нимфы;;;396;Букеты микс - Сон нимфы;;;data/1587.jpg;;data/1588.jpg,data/1589.jpg;
707;Букеты|Букеты микс;Тайные желания;;;677;Букеты микс - Тайные желания;;;data/1590.jpg;;data/1591.jpg,data/1592.jpg,data/1593.jpg;
708;Букеты|Букеты микс;Аромат любви;;;665;Букеты микс - Аромат любви;;;data/1594.jpg;;data/1595.jpg,data/1596.jpg,data/1597.jpg;
709;Букеты|Букеты микс;Ангелочек;;;920;Букеты микс - Ангелочек;;;data/1598.jpg;;data/1599.jpg,data/1600.jpg,data/1601.jpg;
710;Букеты|Букеты микс;Любовь Ромео;;;640;Букеты микс - Любовь Ромео;;;data/1602.jpg;;data/1603.jpg,data/1604.jpg,data/1605.jpg;
711;Букеты|Букеты микс;Прекрасная леди;;;1007;Букеты микс - Прекрасная леди;;;data/1606.jpg;;data/1607.jpg,data/1608.jpg,data/1609.jpg;
712;Букеты|Букеты микс;Сладкая Дарья;;;694;Букеты микс - Сладкая Дарья;;;data/1610.jpg;;data/1611.jpg,data/1612.jpg,data/1613.jpg;
713;Букеты|Букеты микс;Идеальная любовь;;;623;Букеты микс - Идеальная любовь;;;data/1614.jpg;;data/1615.jpg,data/1616.jpg,data/1617.jpg;
714;Букеты|Букеты микс;Иллюзия;;;798;Букеты микс - Иллюзия;;;data/1618.jpg;;data/1619.jpg,data/1620.jpg,data/1621.jpg;
715;Букеты|Букеты микс;Букет нежности;;;735;Букеты микс - Букет нежности;;;data/1622.jpg;;data/1623.jpg,data/1624.jpg,data/1625.jpg;
716;Букеты|Букеты микс;Лолита;;;2662;Букеты микс - Лолита;;;data/1626.jpg;;data/1627.jpg,data/1628.jpg,data/1629.jpg;
717;Букеты|Букеты микс;Цветы жизни;;;631;Букеты микс - Цветы жизни;;;data/1630.jpg;;data/1631.jpg,data/1632.jpg;
718;Букеты|Букеты микс;Самой милой;;;285;Букеты микс - Самой милой;;;data/1633.jpg;;data/1634.jpg,data/1635.jpg;
719;Букеты|Букеты микс;Волшебный сад;;;816;Букеты микс - Волшебный сад;;;data/1636.jpg;;data/1637.jpg,data/1638.jpg;
720;Букеты|Букеты микс;Цветочное амплуа;;;1110;Букеты микс - Цветочное амплуа;;;data/1639.jpg;;data/1640.jpg;
721;Букеты|Букеты микс;Ирисовые прятки;;;565;Букеты микс - Ирисовые прятки;;;data/1641.jpg;;data/1642.jpg;
722;Букеты|Букеты микс;Белль;;;295;Букеты микс - Белль;;;data/1643.jpg;;data/1644.jpg,data/1645.jpg;
723;Букеты|Букеты микс;Любовное кружево;;;1156;Букеты микс - Любовное кружево;;;data/1646.jpg;;data/1647.jpg,data/1648.jpg;
724;Букеты|Букеты микс;Почти ангел;;;527;Букеты микс - Почти ангел;;;data/1649.jpg;;data/1650.jpg;
725;Букеты|Букеты микс;Теряя голову;;;695;Букеты микс - Теряя голову;;;data/1651.jpg;;data/1652.jpg,data/1653.jpg;
726;Букеты|Букеты микс;Илиада;;;610;Букеты микс - Илиада;;;data/1654.jpg;;data/1655.jpg,data/1656.jpg;
727;Букеты|Букеты микс;Декамерон;;;1205;Букеты микс - Декамерон;;;data/1657.jpg;;;
728;Букеты|Букеты микс;Парижская любовь;;;597;Букеты микс - Парижская любовь;;;data/1658.jpg;;data/1659.jpg,data/1660.jpg;
729;Букеты|Букеты микс;Чары Афродиты;;;946;Букеты микс - Чары Афродиты;;;data/1661.jpg;;data/1662.jpg,data/1663.jpg;
730;Букеты|Букеты микс;Бухта Аполлона;;;975;Букеты микс - Бухта Аполлона;;;data/1664.jpg;;data/1665.jpg,data/1666.jpg;
731;Букеты|Букеты микс;Узы верности;;;2662;Букеты микс - Узы верности;;;data/1667.jpg;;data/1668.jpg,data/1669.jpg,data/1670.jpg;
732;Букеты|Букеты микс;Радуга счастья;;;885;Букеты микс - Радуга счастья;;;data/1671.jpg;;data/1672.jpg,data/1673.jpg;
733;Букеты|Букеты микс;Неповторимая весна;;;654;Букеты микс - Неповторимая весна;;;data/1674.jpg;;data/1675.jpg;
734;Букеты|Букеты микс;Ромашковое небо;;;682;Букеты микс - Ромашковое небо;;;data/1676.jpg;;data/1677.jpg,data/1678.jpg;
735;Букеты|Букеты микс;Сердце купидона;;;1027;Букеты микс - Сердце купидона;;;data/1679.jpg;;data/1680.jpg,data/1681.jpg;
736;Букеты|Букеты микс;Немного совершенства;;;725;Букеты микс - Немного совершенства;;;data/1682.jpg;;data/1683.jpg,data/1684.jpg;
737;Букеты|Монобукеты;Коронация тюльпанов;;;1846;Монобукеты - Коронация тюльпанов;;;data/1685.jpg;;data/1686.jpg,data/1687.jpg,data/1688.jpg;
738;Букеты|Монобукеты;Букет сеньориты;;;664;Монобукеты - Букет сеньориты;;;data/1689.jpg;;data/1690.jpg;
739;Букеты|Монобукеты;Огненный закат;;;792;Монобукеты - Огненный закат;;;data/1691.jpg;;data/1692.jpg,data/1693.jpg,data/1694.jpg,data/1695.jpg;
740;Букеты|Монобукеты;Весенняя нежность;;;1846;Монобукеты - Весенняя нежность;;;data/1696.jpg;;data/1697.jpg,data/1698.jpg,data/1699.jpg,data/1700.jpg;
741;Букеты|Монобукеты;Королевский;;;3646;Монобукеты - Королевский;;;data/1701.jpg;;data/1702.jpg;
742;Букеты|Монобукеты;Тюльпановый рай;;;5446;Монобукеты - Тюльпановый рай;;;data/1703.jpg;;data/1704.jpg,data/1705.jpg;
744;Букеты|Монобукеты;Нежные поцелуи;;;1396;Монобукеты - Нежные поцелуи;;;data/1706.jpg;;data/1707.jpg,data/1708.jpg,data/1709.jpg;
745;Букеты|Монобукеты;Бабочки в раю;;;785;Монобукеты - Бабочки в раю;;;data/1710.jpg;;data/1711.jpg;
746;Букеты|Монобукеты;Я не могу без тебя…;;;756;Монобукеты - Я не могу без тебя…;;;data/1712.jpg;;data/1713.jpg,data/1714.jpg,data/1715.jpg,data/1716.jpg;
747;Букеты|Монобукеты;Седьмое небо;;;2731;Монобукеты - Седьмое небо;;;data/1717.jpg;;data/1718.jpg,data/1719.jpg,data/1720.jpg;
748;Букеты|Монобукеты;Её чары;;;434;Монобукеты - Её чары;;;data/1721.jpg;;data/1722.jpg,data/1723.jpg,data/1724.jpg;
749;Букеты|Монобукеты;Цветочные переплеты;;;1076;Монобукеты - Цветочные переплеты;;;data/1725.jpg;;data/1726.jpg,data/1727.jpg;
750;Букеты|Монобукеты;Радость принцессы;;;941;Монобукеты - Радость принцессы;;;data/1728.jpg;;data/1729.jpg,data/1730.jpg;
751;Букеты|Монобукеты;Алые губки;;;910;Монобукеты - Алые губки;;;data/1731.jpg;;data/1732.jpg,data/1733.jpg;
752;Букеты|Монобукеты;Грех Евы;;;910;Монобукеты - Грех Евы;;;data/1734.jpg;;data/1735.jpg,data/1736.jpg;
754;Букеты|Монобукеты;Фаворит;;;395;Монобукеты - Фаворит;;;data/1737.jpg;;data/1738.jpg,data/1739.jpg;
755;Букеты|Монобукеты;Стихи Петрония;;;910;Монобукеты - Стихи Петрония;;;data/1740.jpg;;data/1741.jpg,data/1742.jpg;
756;Букеты|Монобукеты;Лигия;;;634;Монобукеты - Лигия;;;data/1743.jpg;;data/1744.jpg,data/1745.jpg;
757;Букеты|Монобукеты;Солнце пустыни;;;1068;Монобукеты - Солнце пустыни;;;data/1746.jpg;;data/1747.jpg,data/1748.jpg;
758;Букеты|Монобукеты;Знак уважения;;;990;Монобукеты - Знак уважения;;;data/1749.jpg;;data/1750.jpg,data/1751.jpg;
759;Букеты|Монобукеты;Вместе навсегда;;;754;Монобукеты - Вместе навсегда;;;data/1752.jpg;;data/1753.jpg,data/1754.jpg;
760;Букеты|Монобукеты;Кейт и Лео;;;3666;Монобукеты - Кейт и Лео;;;data/1755.jpg;;data/1756.jpg,data/1757.jpg;
761;Букеты|Монобукеты;Дюймовочка;;;431;Монобукеты - Дюймовочка;;;data/1758.jpg;;data/1759.jpg,data/1760.jpg;
762;Букеты|Монобукеты;Выше неба;;;1170;Монобукеты - Выше неба;;;data/1761.jpg;;data/1762.jpg,data/1763.jpg;
763;Букеты|Монобукеты;Ночное небо;;;1846;Монобукеты - Ночное небо;;;data/1764.jpg;;data/1765.jpg,data/1766.jpg;
764;Букеты|Монобукеты;Букет для Золушки;;;910;Монобукеты - Букет для Золушки;;;data/1767.jpg;;data/1768.jpg,data/1769.jpg,data/1770.jpg;
765;Букеты|Монобукеты;Ласковый май;;;910;Монобукеты - Ласковый май;;;data/1771.jpg;;data/1772.jpg,data/1773.jpg,data/1774.jpg;
766;Букеты|Монобукеты;Адель;;;550;Монобукеты - Адель;;;data/1775.jpg;;data/1776.jpg,data/1777.jpg;
767;Букеты|Монобукеты;Цветы Эдема;;;435;Монобукеты - Цветы Эдема;;;data/1778.jpg;;;
768;Букеты|Монобукеты;Ритм сердца;;;550;Монобукеты - Ритм сердца;;;data/1779.jpg;;data/1780.jpg,data/1781.jpg;
769;Букеты|Монобукеты;Пламя любви;;;2710;Монобукеты - Пламя любви;;;data/1782.jpg;;;
770;Букеты|Монобукеты;Неистовая любовь;;;3646;Монобукеты - Неистовая любовь;;;data/1783.jpg;;data/1784.jpg,data/1785.jpg;
771;Букеты|Монобукеты;Смех любимой;;;3646;Монобукеты - Смех любимой;;;data/1786.jpg;;data/1787.jpg,data/1788.jpg;
772;Букеты|Монобукеты;Золотистый звон;;;1009;Монобукеты - Золотистый звон;;;data/1789.jpg;;data/1790.jpg;
773;Букеты|Монобукеты;Прерванное свидание;;;506;Монобукеты - Прерванное свидание;;;data/1791.jpg;;data/1792.jpg;
774;Букеты|Монобукеты;Сладкие мечты;;;694;Монобукеты - Сладкие мечты;;;data/1793.jpg;;data/1794.jpg,data/1795.jpg;
775;Букеты|Монобукеты;Разноцветный бархат;;;581;Монобукеты - Разноцветный бархат;;;data/1796.jpg;;data/1797.jpg,data/1798.jpg;
782;Букеты|Монобукеты;Гордость герцогинь;;;1836;Монобукеты - Гордость герцогинь;;;data/1799.jpg;;data/1800.jpg,data/1801.jpg,data/1802.jpg,data/1803.jpg;
783;Букеты|Монобукеты;Бутоны любви;;;1270;Монобукеты - Бутоны любви;;;data/1804.jpg;;;
784;Букеты|Монобукеты;Величие Олимпа;;;252;Монобукеты - Величие Олимпа;;;data/1805.jpg;;;
785;Букеты|Монобукеты;Ревность Геры;;;694;Монобукеты - Ревность Геры;;;data/1806.jpg;;;
786;Букеты|Монобукеты;Цветы Мидаса;;;534;Монобукеты - Цветы Мидаса;;;data/1807.jpg;;;
787;Букеты|Монобукеты;Клеопатра;;;724;Монобукеты - Клеопатра;;;data/1808.jpg;;;
788;Букеты|Монобукеты;Радуга;;;960;Монобукеты - Радуга;;;data/1809.jpg;;;
789;Букеты|Монобукеты;Островки любви;;;256;Монобукеты - Островки любви;;;data/1810.jpg;;;
790;Букеты|Монобукеты;Царство волшебства;;;406;Монобукеты - Царство волшебства;;;data/1811.jpg;;;
791;Букеты|Монобукеты;Цветочные поля;;;484;Монобукеты - Цветочные поля;;;data/1812.jpg;;;
792;Букеты|Монобукеты;Счастье близко;;;575;Монобукеты - Счастье близко;;;data/1813.jpg;;;
793;Букеты|Монобукеты;Равновесия миров;;;722;Монобукеты - Равновесия миров;;;data/1814.jpg;;;
794;Букеты|Монобукеты;Афина-Паллада;;;675;Монобукеты - Афина-Паллада;;;data/1815.jpg;;;
795;Букеты|Монобукеты;Власть Посейдона;;;1585;Монобукеты - Власть Посейдона;;;data/1816.jpg;;data/1817.jpg;
796;Букеты|Монобукеты;Волшебные метаморфозы;;;325;Монобукеты - Волшебные метаморфозы;;;data/1818.jpg;;;
797;Букеты|Монобукеты;Звезды любви;;;2350;Монобукеты - Звезды любви;;;data/1819.jpg;;;
798;;;;;;;;;;;;
799;;;;;;;;;;;;
800;;;;;;;;;;;;
801;;;;;;;;;;;;
802;;;;;;;;;;;;
803;;;;;;;;;;;;
804;;;;;;;;;;;;
805;;;;;;;;;;;;
806;;;;;;;;;;;;
807;;;;;;;;;;;;
808;;;;;;;;;;;;
809;; ;;;;;;;;;;
810;;;;;;;;;;;;
811;;;;;;;;;;;;
812;;;;;;;;;;;;
813;;;;;;;;;;;;
814;;;;;;;;;;;;
815;;;;;;;;;;;;
816;;;;;;;;;;;;
817;;;;;;;;;;;;
818;;;;;;;;;;;;
819;;;;;;;;;;;;
820;;;;;;;;;;;;
821;;;;;;;;;;;;
822;;;;;;;;;;;;
823;;;;;;;;;;;;
824;;;;;;;;;;;;
825;;;;;;;;;;;;
826;;;;;;;;;;;;
827;;;;;;;;;;;;
828;;;;;;;;;;;;
829;;;;;;;;;;;;
830;;;;;;;;;;;;
831;;;;;;;;;;;;
832;;;;;;;;;;;;
833;;;;;;;;;;;;
834;;;;;;;;;;;;
835;;;;;;;;;;;;
836;;;;;;;;;;;;
837;;;;;;;;;;;;
838;;;;;;;;;;;;
839;;;;;;;;;;;;
840;;;;;;;;;;;;
841;;;;;;;;;;;;
842;;;;;;;;;;;;
843;;;;;;;;;;;;
844;;;;;;;;;;;;
845;;;;;;;;;;;;
